Workbook

Sheet Shift times
A1: Daily Schedule — proposed shift times
A2: All 91 shifts in the live catalog. 24-hour clock throughout. Edit anything: this sheet is the input for the admin site's bulk import.
A3: GREEN = you specified it (15 Aug 2026). AMBER = Claude's best guess — please check. RED = the shift LABEL itself is unverified (transcribed from an unclear photo).
A4: Type times as HH:MM on a 24-hour clock. Leave both blank for a shift that has no fixed hours. "Overnight" is worked out for you and should not be typed.
A5: SITES are pre-filled from your rule — Richmond if the label starts with RCH or R, Oakland otherwise. Rows marked CHECK ME in "Site from" did not fit the rule cleanly.
A6: Shift (label) | B6: ID | C6: Family | D6: Counts as | E6: Start (24h) | F6: End (24h) | G6: Hours | H6: Overnight | I6: Site | J6: Site from | K6: Time source | L6: Why this time / site — what to check
A7: C2AP | B7: C2AP | C7: Call | D7: Call | E7: 15:30 | F7: 07:30 | G7: =IF(OR(E7="",F7=""),"",IF(F7=E7,24,ROUND(MOD(TIMEVALUE(F7)-TIMEVALUE(E7),1)*24,2))) -> 16 | H7: =IF(OR(E7="",F7=""),"",IF(TIMEVALUE(F7)<=TIMEVALUE(E7),"yes","")) -> yes | I7: Oakland | J7: OWNER RULE (default) | K7: ESTIMATED | L7: SUSPECT: guessed evening/overnight purely because it sits in the call family. Eye Call disproved that reasoning — please check.
A8: C2PA | B8: C2PA | C8: Call | D8: Call | E8: 15:30 | F8: 07:30 | G8: =IF(OR(E8="",F8=""),"",IF(F8=E8,24,ROUND(MOD(TIMEVALUE(F8)-TIMEVALUE(E8),1)*24,2))) -> 16 | H8: =IF(OR(E8="",F8=""),"",IF(TIMEVALUE(F8)<=TIMEVALUE(E8),"yes","")) -> yes | I8: Oakland | J8: OWNER RULE (default) | K8: ESTIMATED | L8: SUSPECT: guessed evening/overnight purely because it sits in the call family. Eye Call disproved that reasoning — please check.
A9: Call 12 AM | B9: CALL12AM | C9: Call | D9: Call | E9: 07:30 | F9: 19:30 | G9: =IF(OR(E9="",F9=""),"",IF(F9=E9,24,ROUND(MOD(TIMEVALUE(F9)-TIMEVALUE(E9),1)*24,2))) -> 12 | H9: =IF(OR(E9="",F9=""),"",IF(TIMEVALUE(F9)<=TIMEVALUE(E9),"yes","")) | I9: Oakland | J9: OWNER RULE (default) | K9: ESTIMATED | L9: the day half, mirroring the confirmed Call 12 PM (19:30-07:30)
A10: Call 12 PM | B10: CALL12PM | C10: Call | D10: Call | E10: 19:30 | F10: 07:30 | G10: =IF(OR(E10="",F10=""),"",IF(F10=E10,24,ROUND(MOD(TIMEVALUE(F10)-TIMEVALUE(E10),1)*24,2))) -> 12 | H10: =IF(OR(E10="",F10=""),"",IF(TIMEVALUE(F10)<=TIMEVALUE(E10),"yes","")) -> yes | I10: Oakland | J10: OWNER RULE (default) | K10: CONFIRMED | L10: "Call 12 pm is 19:30-730 next day"
A11: Call 16 | B11: CALL16 | C11: Call | D11: Call | E11: 15:30 | F11: 07:30 | G11: =IF(OR(E11="",F11=""),"",IF(F11=E11,24,ROUND(MOD(TIMEVALUE(F11)-TIMEVALUE(E11),1)*24,2))) -> 16 | H11: =IF(OR(E11="",F11=""),"",IF(TIMEVALUE(F11)<=TIMEVALUE(E11),"yes","")) -> yes | I11: Oakland | J11: OWNER RULE (default) | K11: CONFIRMED | L11: "Call16 is 1530-7:30 next day"
A12: Call 24 | B12: CALL24 | C12: Call | D12: Call | E12: 07:30 | F12: 07:30 | G12: =IF(OR(E12="",F12=""),"",IF(F12=E12,24,ROUND(MOD(TIMEVALUE(F12)-TIMEVALUE(E12),1)*24,2))) -> 24 | H12: =IF(OR(E12="",F12=""),"",IF(TIMEVALUE(F12)<=TIMEVALUE(E12),"yes","")) -> yes | I12: Oakland | J12: OWNER RULE (default) | K12: CONFIRMED | L12: "Call 24 is 730-730"
A13: Call 8 | B13: CALL8 | C13: Call | D13: Call | E13: 23:30 | F13: 07:30 | G13: =IF(OR(E13="",F13=""),"",IF(F13=E13,24,ROUND(MOD(TIMEVALUE(F13)-TIMEVALUE(E13),1)*24,2))) -> 8 | H13: =IF(OR(E13="",F13=""),"",IF(TIMEVALUE(F13)<=TIMEVALUE(E13),"yes","")) -> yes | I13: Oakland | J13: OWNER RULE (default) | K13: ESTIMATED | L13: SUSPECT: 8h assumed as the overnight tail. Could equally be 15:30-23:30, or day hours — Eye Call showed a call-family shift can run 07:30-15:30.
A14: Eye Call | B14: EYE_CALL | C14: Call | D14: Call | E14: 07:30 | F14: 15:30 | G14: =IF(OR(E14="",F14=""),"",IF(F14=E14,24,ROUND(MOD(TIMEVALUE(F14)-TIMEVALUE(E14),1)*24,2))) -> 8 | H14: =IF(OR(E14="",F14=""),"",IF(TIMEVALUE(F14)<=TIMEVALUE(E14),"yes","")) | I14: Oakland | J14: OWNER RULE (default) | K14: CONFIRMED | L14: "Eye call is 730-1530" (owner, 16 Aug). A DAY-hours shift that still counts as call.
A15: OB PM | B15: OBPM | C15: Call | D15: Call | E15: 19:30 | F15: 07:30 | G15: =IF(OR(E15="",F15=""),"",IF(F15=E15,24,ROUND(MOD(TIMEVALUE(F15)-TIMEVALUE(E15),1)*24,2))) -> 12 | H15: =IF(OR(E15="",F15=""),"",IF(TIMEVALUE(F15)<=TIMEVALUE(E15),"yes","")) -> yes | I15: Oakland | J15: OWNER RULE (default) | K15: CONFIRMED | L15: "OBPM same as 12PM"
A16: PCV Call | B16: PCV_CALL | C16: Call | D16: Call | E16: 07:30 | F16: 07:30 | G16: =IF(OR(E16="",F16=""),"",IF(F16=E16,24,ROUND(MOD(TIMEVALUE(F16)-TIMEVALUE(E16),1)*24,2))) -> 24 | H16: =IF(OR(E16="",F16=""),"",IF(TIMEVALUE(F16)<=TIMEVALUE(E16),"yes","")) -> yes | I16: Oakland | J16: OWNER RULE (default) | K16: ESTIMATED | L16: SUSPECT: guessed 24h purely because it is called "call". Eye Call turned out to be 07:30-15:30 day hours, so that reasoning is unreliable — please check.
A17: OBAP | B17: OBAP | C17: OB / Obstetric | D17: Day | E17: 07:30 | F17: 19:30 | G17: =IF(OR(E17="",F17=""),"",IF(F17=E17,24,ROUND(MOD(TIMEVALUE(F17)-TIMEVALUE(E17),1)*24,2))) -> 12 | H17: =IF(OR(E17="",F17=""),"",IF(TIMEVALUE(F17)<=TIMEVALUE(E17),"yes","")) | I17: Oakland | J17: OWNER RULE (default) | K17: ESTIMATED | L17: AP in the name, so 12h assumed
A18: OBD | B18: OBD | C18: OB / Obstetric | D18: Day | E18: 07:30 | F18: 15:30 | G18: =IF(OR(E18="",F18=""),"",IF(F18=E18,24,ROUND(MOD(TIMEVALUE(F18)-TIMEVALUE(E18),1)*24,2))) -> 8 | H18: =IF(OR(E18="",F18=""),"",IF(TIMEVALUE(F18)<=TIMEVALUE(E18),"yes","")) | I18: Oakland | J18: OWNER RULE (default) | K18: ESTIMATED | L18: OB day work, 8h assumed
... A91: APS | B91: APS | C91: Admin / other | D91: Day | E91: 07:30 | F91: 15:30 | G91: =IF(OR(E91="",F91=""),"",IF(F91=E91,24,ROUND(MOD(TIMEVALUE(F91)-TIMEVALUE(E91),1)*24,2))) -> 8 | H91: =IF(OR(E91="",F91=""),"",IF(TIMEVALUE(F91)<=TIMEVALUE(E91),"yes","")) | I91: Oakland | J91: OWNER RULE (default) | K91: ESTIMATED | L91: assumed a standard 8h day
A92: Available | B92: AVAILABLE | C92: Admin / other | D92: Day | G92: =IF(OR(E92="",F92=""),"",IF(F92=E92,24,ROUND(MOD(TIMEVALUE(F92)-TIMEVALUE(E92),1)*24,2))) | H92: =IF(OR(E92="",F92=""),"",IF(TIMEVALUE(F92)<=TIMEVALUE(E92),"yes","")) | I92: Oakland | J92: OWNER RULE (default) | K92: ESTIMATED | L92: looks like a status, not a worked shift — left with no times
A93: Learner | B93: LEARNER | C93: Admin / other | D93: Day | E93: 07:30 | F93: 15:30 | G93: =IF(OR(E93="",F93=""),"",IF(F93=E93,24,ROUND(MOD(TIMEVALUE(F93)-TIMEVALUE(E93),1)*24,2))) -> 8 | H93: =IF(OR(E93="",F93=""),"",IF(TIMEVALUE(F93)<=TIMEVALUE(E93),"yes","")) | I93: Oakland | J93: OWNER RULE (default) | K93: ESTIMATED | L93: assumed a standard 8h day
A94: Orient | B94: ORIENT | C94: Admin / other | D94: Day | E94: 07:30 | F94: 15:30 | G94: =IF(OR(E94="",F94=""),"",IF(F94=E94,24,ROUND(MOD(TIMEVALUE(F94)-TIMEVALUE(E94),1)*24,2))) -> 8 | H94: =IF(OR(E94="",F94=""),"",IF(TIMEVALUE(F94)<=TIMEVALUE(E94),"yes","")) | I94: Oakland | J94: OWNER RULE (default) | K94: ESTIMATED | L94: assumed a standard 8h day
A95: Pain | B95: PAIN | C95: Admin / other | D95: Day | E95: 07:30 | F95: 15:30 | G95: =IF(OR(E95="",F95=""),"",IF(F95=E95,24,ROUND(MOD(TIMEVALUE(F95)-TIMEVALUE(E95),1)*24,2))) -> 8 | H95: =IF(OR(E95="",F95=""),"",IF(TIMEVALUE(F95)<=TIMEVALUE(E95),"yes","")) | I95: Oakland | J95: OWNER RULE (default) | K95: ESTIMATED | L95: assumed a standard 8h day
A96: SIMA | B96: SIMA | C96: Admin / other | D96: Day | E96: 07:30 | F96: 15:30 | G96: =IF(OR(E96="",F96=""),"",IF(F96=E96,24,ROUND(MOD(TIMEVALUE(F96)-TIMEVALUE(E96),1)*24,2))) -> 8 | H96: =IF(OR(E96="",F96=""),"",IF(TIMEVALUE(F96)<=TIMEVALUE(E96),"yes","")) | I96: Oakland | J96: OWNER RULE (default) | K96: ESTIMATED | L96: assumed a standard 8h day
A97: TCC | B97: TCC | C97: Admin / other | D97: Day | E97: 07:30 | F97: 15:30 | G97: =IF(OR(E97="",F97=""),"",IF(F97=E97,24,ROUND(MOD(TIMEVALUE(F97)-TIMEVALUE(E97),1)*24,2))) -> 8 | H97: =IF(OR(E97="",F97=""),"",IF(TIMEVALUE(F97)<=TIMEVALUE(E97),"yes","")) | I97: Oakland | J97: OWNER RULE (default) | K97: ESTIMATED | L97: assumed a standard 8h day

Sheet Summary
A1: Where the times came from
A3: Total shifts in the catalog | B3: =COUNTA('Shift times'!A7:A97) -> 91
A4: Confirmed by you | B4: =COUNTIF('Shift times'!K7:K97,"CONFIRMED") -> 23
A5: Claude's best guess — needs your check | B5: =COUNTIF('Shift times'!K7:K97,"ESTIMATED") -> 68
A6: Shifts with no times at all | B6: =COUNTBLANK('Shift times'!E7:E97) -> 1
A7: Overnight shifts (cross midnight) | B7: =COUNTIF('Shift times'!H7:H97,"yes") -> 9
A8: Richmond shifts | B8: =COUNTIF('Shift times'!I7:I97,"Richmond") -> 9
A9: Oakland shifts | B9: =COUNTIF('Shift times'!I7:I97,"Oakland") -> 82
A10: Sites needing a look (CHECK ME) | B10: =COUNTIF('Shift times'!J7:J97,"CHECK ME") -> 2
A12: Still unspecified — please confirm
A13: • Admin PM / Pedi Admin PM / Pedi PM run 15:30 to 07:30 next day = 16 hours. That follows your two rules exactly, but a 16-hour "Admin PM" is worth a second look.
A14: • Call 8 — guessed 23:30-07:30. Could equally be 15:30-23:30.
A15: • "4 to 6" (15:30-17:30) is NOT in the catalog. Add it?
A16: • Which shifts sit at Richmond? Only RCH-ICU A and RCH-ICU B are certain; everything else is blank rather than assumed Oakland.
A17: • Five labels were transcribed from an unclear photo and are shown in red: NICU9+, RC0+, R9/5, R11+, CV8+. The label may be wrong, not just the time.
A18: • Is a person tied to one site for a whole day? If so that is a stronger rule than matching site per shift.
A19: • NICU9+ starts with N, so Oakland by your rule — but if NICU is at Richmond, change it. Marked CHECK ME.
A20: • "SMOB Uro" begins with neither R nor an obvious Oakland marker; defaulted to Oakland. Marked CHECK ME.
A21: • R10, R11+, R9/5, RFL, RB MD, RBL 8 and RC0+ are Richmond purely from the R-start rule — the abbreviations are not otherwise decoded.
